Daily commit by GitHub Actions - Mon Oct 27 07:24:53 UTC 2025
Daily commit by GitHub Actions - Tue Oct 28 06:57:09 UTC 2025
Daily commit by GitHub Actions - Wed Oct 29 06:57:29 UTC 2025
Daily commit by GitHub Actions - Thu Oct 30 06:55:11 UTC 2025
Daily commit by GitHub Actions - Fri Oct 31 06:55:58 UTC 2025
Daily commit by GitHub Actions - Sat Nov  1 06:49:44 UTC 2025
Daily commit by GitHub Actions - Sun Nov  2 06:52:58 UTC 2025
Daily commit by GitHub Actions - Mon Nov  3 07:03:05 UTC 2025
Daily commit by GitHub Actions - Tue Nov  4 06:57:08 UTC 2025
Daily commit by GitHub Actions - Wed Nov  5 06:56:22 UTC 2025
Daily commit by GitHub Actions - Thu Nov  6 06:52:07 UTC 2025
Daily commit by GitHub Actions - Fri Nov  7 07:01:54 UTC 2025
